<?xml version="1.0" encoding="utf-8" standalone="no"?>
<!-- Copyright (c) 2013 BlackBerry Limited. Licensed
	under the Apache License, Version 2.0 (the "License"); you may not use this
	file except in compliance with the License. You may obtain a copy of the
	License at http://www.apache.org/licenses/LICENSE-2.0 Unless required by
	applicable law or agreed to in writing, software distributed under the License
	is distributed on an "AS IS" BASIS, WITHOUT WARRANTIES OR CONDITIONS OF ANY
	KIND, either express or implied. See the License for the specific language
	governing permissions and limitations under the License. -->
<qnx xmlns="http://www.qnx.com/schemas/application/1.0">

	<!-- BlackBerry 10 application descriptor file. Specifies parameters for
		identifying, installing, and launching native applications on BlackBerry
		10. -->

	<!-- A universally unique application identifier. Must be unique across
		all BlackBerry 10 applications. Using a reverse DNS-style name as the id
		is recommended. (Eg. com.example.ExampleApplication.) Required. -->
	<id>com.example.t2wApi</id>

	<!-- The name that is displayed in the BlackBerry 10 application installer.
		May have multiple values for each language. See samples or xsd schema file.
		Optional. -->
	<name>t2wApi</name>

	<!-- A string value of the format <0-999>.<0-999>.<0-999> that represents
		application version which can be used to check for application upgrade. Values
		can also be 1-part or 2-part. It is not necessary to have a 3-part value.
		An updated version of application must have a versionNumber value higher
		than the previous version. Required. -->
	<versionNumber>1.0.0</versionNumber>

	<!-- Fourth digit segment of the package version. First three segments are
		taken from the <versionNumber> element. Must be an integer from 0 to 2^16-1 -->
	<buildId>1</buildId>

	<!-- A string value (such as "v1", "2.5", or "Alpha 1") that represents
		the version of the application, as it should be shown to users. Optional. -->
	<!-- <versionLabel></versionLabel> -->

	<!-- Description, displayed in the BlackBerry 10 application installer.
		May have multiple values for each language. See samples or xsd schema file.
		Optional. -->
	<description>The t2wApi application</description>

	<!-- Copyright information. Optional. -->
	<!-- <copyright></copyright> -->

	<!-- Name of author which is used for signing. Must match the developer
		name of your development certificate. -->
	<author>Roger Leblanc</author>
 <icon>
    <image>t2wApi_94_94.png</image>
    <image>icon.png</image>
 </icon>
	<configuration name="Device-Debug">
		<platformArchitecture>armle-v7</platformArchitecture>
		<entryPointType>Qnx/Elf</entryPointType>

		<asset entryPointId="t2wApi" path="arm/o.le-v7-g/t2wApi"
			entry="true" type="Qnx/Elf">t2wApi</asset>
		<asset entryPointId="t2wApiService"
			path="../t2wApiService/arm/t2wApiService"
			type="Qnx/Elf">t2wApiService</asset>
	</configuration>

	<configuration name="Device-Release">
		<platformArchitecture>armle-v7</platformArchitecture>
		<entryPointType>Qnx/Cascades</entryPointType>

		<asset entryPointId="t2wApi" path="arm/o.le-v7/t2wApi.so"
			entry="true" type="Qnx/Cascades">t2wApi.so</asset>
		<asset entryPointId="t2wApiService"
			path="../t2wApiService/arm/t2wApiService"
			type="Qnx/Elf">t2wApiService</asset>
	</configuration>

	<configuration name="Device-Profile">
		<platformArchitecture>armle-v7</platformArchitecture>
		<entryPointType>Qnx/Elf</entryPointType>

		<asset entryPointId="t2wApi" path="arm-p/o.le-v7-g/t2wApi"
			entry="true" type="Qnx/Elf">t2wApi</asset>
		<asset entryPointId="t2wApiService"
			path="../t2wApiService/arm/t2wApiService"
			type="Qnx/Elf">t2wApiService</asset>
	</configuration>

	<configuration name="Simulator-Debug">
		<platformArchitecture>x86</platformArchitecture>
		<entryPointType>Qnx/Elf</entryPointType>

		<asset entryPointId="t2wApi" path="x86/o-g/t2wApi"
			entry="true" type="Qnx/Elf">t2wApi</asset>
		<asset entryPointId="t2wApiService"
			path="../t2wApiService/x86/t2wApiService"
			type="Qnx/Elf">t2wApiService</asset>
	</configuration>

	<entryPoint id="t2wApi">
		<name>t2wApi</name>
	</entryPoint>

	<entryPoint id="t2wApiService">
		<name>t2wApi Service</name>
		<entryPointType>Qnx/Elf</entryPointType>
	</entryPoint>

	<invoke-target id="com.example.t2wApiService">
		<invoke-target-type>application.headless</invoke-target-type>
		<invoke-target-name>t2wApi Service</invoke-target-name>
		<entry-point-id>t2wApiService</entry-point-id>
		<filter>
			<action>bb.action.system.STARTED</action>
			<mime-type>application/vnd.blackberry.system.event.STARTED</mime-type>
			<property var="uris" value="data://local" />
		</filter>
		<filter>
			<action>com.example.t2wApiService.RESET</action>
			<mime-type>*</mime-type>
			<property var="uris" value="headless:" />
		</filter>
	</invoke-target>

	<invoke-target id="com.example.t2wApi">
		<invoke-target-type>application</invoke-target-type>
		<invoke-target-name>t2wApi</invoke-target-name>
		<icon>
			<image>icon.png</image>
		</icon>
		<entry-point-id>t2wApi</entry-point-id>
	</invoke-target>

	<!-- Unique author ID assigned by signing authority. Required if using debug
		tokens. -->
	<!-- <authorId>ABC1234YjsnUk235h</authorId> -->

	<initialWindow>
		<autoOrients>true</autoOrients>
		<systemChrome>none</systemChrome>
		<transparent>false</transparent>
	</initialWindow>

	<!-- The icon for the application, which should be 114x114. -->

	<asset path="assets">assets</asset>

	<!-- Locale support -->
	<asset path="translations" dest="qm">
		<include name="*.qm" />
	</asset>
 <asset path="assets/t2wApi_94_94.png">t2wApi_94_94.png</asset>
 <asset path="assets/icon.png">icon.png</asset>

	<!-- Request permission to run a backend headless process and post notification. -->
	<permission system="true">_sys_run_headless</permission>
	<permission system="true">_sys_headless_nostop</permission>
	<permission>post_notification</permission>
	<env var="LD_LIBRARY_PATH" value="app/native/lib:/usr/lib/qt4/lib" />

</qnx>
